episode,step,demand
0,0,22
0,1,24
0,2,10
0,3,21
0,4,20
0,5,24
0,6,20
0,7,22
0,8,22
0,9,24
0,10,19
0,11,26
0,12,18
0,13,23
0,14,22
0,15,31
0,16,17
0,17,23
0,18,19
0,19,16
0,20,24
0,21,17
0,22,21
0,23,24
0,24,23
0,25,21
0,26,13
0,27,18
0,28,19
0,29,16
0,30,12
0,31,21
0,32,24
0,33,18
0,34,24
0,35,14
0,36,15
0,37,21
0,38,18
0,39,23
0,40,22
0,41,18
0,42,14
0,43,18
0,44,22
0,45,23
0,46,18
0,47,12
0,48,13
0,49,22
0,50,18
0,51,18
1,0,22
1,1,24
1,2,10
1,3,21
1,4,20
1,5,24
1,6,20
1,7,22
1,8,22
1,9,24
1,10,19
1,11,26
1,12,18
1,13,23
1,14,22
1,15,31
1,16,17
1,17,23
1,18,19
1,19,16
1,20,24
1,21,17
1,22,21
1,23,24
1,24,23
1,25,21
1,26,13
1,27,18
1,28,19
1,29,16
1,30,12
1,31,21
1,32,24
1,33,18
1,34,24
1,35,14
1,36,15
1,37,21
1,38,18
1,39,23
1,40,22
1,41,18
1,42,14
1,43,18
1,44,22
1,45,23
1,46,18
1,47,12
1,48,13
1,49,22
1,50,18
1,51,18
2,0,22
2,1,24
2,2,10
2,3,21
2,4,20
2,5,24
2,6,20
2,7,22
2,8,22
2,9,24
2,10,19
2,11,26
2,12,18
2,13,23
2,14,22
2,15,31
2,16,17
2,17,23
2,18,19
2,19,16
2,20,24
2,21,17
2,22,21
2,23,24
2,24,23
2,25,21
2,26,13
2,27,18
2,28,19
2,29,16
2,30,12
2,31,21
2,32,24
2,33,18
2,34,24
2,35,14
2,36,15
2,37,21
2,38,18
2,39,23
2,40,22
2,41,18
2,42,14
2,43,18
2,44,22
2,45,23
2,46,18
2,47,12
2,48,13
2,49,22
2,50,18
2,51,18
3,0,22
3,1,24
3,2,10
3,3,21
3,4,20
3,5,24
3,6,20
3,7,22
3,8,22
3,9,24
3,10,19
3,11,26
3,12,18
3,13,23
3,14,22
3,15,31
3,16,17
3,17,23
3,18,19
3,19,16
3,20,24
3,21,17
3,22,21
3,23,24
3,24,23
3,25,21
3,26,13
3,27,18
3,28,19
3,29,16
3,30,12
3,31,21
3,32,24
3,33,18
3,34,24
3,35,14
3,36,15
3,37,21
3,38,18
3,39,23
3,40,22
3,41,18
3,42,14
3,43,18
3,44,22
3,45,23
3,46,18
3,47,12
3,48,13
3,49,22
3,50,18
3,51,18
4,0,22
4,1,24
4,2,10
4,3,21
4,4,20
4,5,24
4,6,20
4,7,22
4,8,22
4,9,24
4,10,19
4,11,26
4,12,18
4,13,23
4,14,22
4,15,31
4,16,17
4,17,23
4,18,19
4,19,16
4,20,24
4,21,17
4,22,21
4,23,24
4,24,23
4,25,21
4,26,13
4,27,18
4,28,19
4,29,16
4,30,12
4,31,21
4,32,24
4,33,18
4,34,24
4,35,14
4,36,15
4,37,21
4,38,18
4,39,23
4,40,22
4,41,18
4,42,14
4,43,18
4,44,22
4,45,23
4,46,18
4,47,12
4,48,13
4,49,22
4,50,18
4,51,18
